2022-04,1호선,0150,서울역,"1,182,030","1,149,762",2022-05-03 09:52:32
2022-04,1호선,0151,시청,"572,188","581,356",2022-05-03 09:52:32
2022-04,1호선,0152,종각,"874,580","840,063",2022-05-03 09:52:32
2022-04,1호선,0153,종로3가,"706,646","641,548",2022-05-03 09:52:32
2022-04,1호선,0154,종로5가,"617,751","616,117",2022-05-03 09:52:32
2022-04,1호선,0155,동대문,"324,508","307,796",2022-05-03 09:52:32
2022-04,1호선,0156,신설동,"373,168","363,745",2022-05-03 09:52:32
2022-04,1호선,0157,제기동,"482,191","492,468",2022-05-03 09:52:32
2022-04,1호선,0158,청량리(서울시립대입구),"564,992","558,861",2022-05-03 09:52:32
2022-04,1호선,0159,동묘앞,"277,664","289,124",2022-05-03 09:52:32
2022-04,2호선,0201,시청,"564,073","542,323",2022-05-03 09:52:32
2022-04,2호선,0202,을지로입구,"974,090","995,933",2022-05-03 09:52:32
2022-04,2호선,0203,을지로3가,"567,596","570,610",2022-05-03 09:52:32
2022-04,2호선,0204,을지로4가,"323,440","327,878",2022-05-03 09:52:32
2022-04,2호선,0205,동대문역사문화공원(DDP),"330,594","364,682",2022-05-03 09:52:32
2022-04,2호선,0206,신당,"388,270","404,123",2022-05-03 09:52:32
2022-04,2호선,0207,상왕십리,"378,776","365,092",2022-05-03 09:52:32
2022-04,2호선,0208,왕십리(성동구청),"462,204","378,217",2022-05-03 09:52:32
2022-04,2호선,0209,한양대,"336,673","368,659",2022-05-03 09:52:32
2022-04,2호선,0210,뚝섬,"624,913","655,587",2022-05-03 09:52:32
2022-04,2호선,0211,성수,"953,274","1,052,784",2022-05-03 09:52:32
2022-04,2호선,0212,건대입구,"1,047,360","1,122,184",2022-05-03 09:52:32
2022-04,2호선,0213,구의(광진구청),"629,721","615,517",2022-05-03 09:52:32
2022-04,2호선,0214,강변(동서울터미널),"852,442","811,153",2022-05-03 09:52:32
2022-04,2호선,0215,잠실나루,"372,032","361,737",2022-05-03 09:52:32
2022-04,2호선,0216,잠실(송파구청),"2,182,317","2,142,287",2022-05-03 09:52:32
2022-04,2호선,0217,잠실새내,"584,060","588,964",2022-05-03 09:52:32
2022-04,2호선,0218,종합운동장,"307,498","340,321",2022-05-03 09:52:32
2022-04,2호선,0219,삼성(무역센터),"1,277,703","1,292,445",2022-05-03 09:52:32
2022-04,2호선,0220,선릉,"1,359,902","1,211,907",2022-05-03 09:52:32
2022-04,2호선,0221,역삼,"1,212,172","1,364,991",2022-05-03 09:52:32
2022-04,2호선,0222,강남,"2,153,521","2,160,443",2022-05-03 09:52:32
2022-04,2호선,0223,교대(법원.검찰청),"851,538","959,697",2022-05-03 09:52:32
2022-04,2호선,0224,서초,"563,825","525,094",2022-05-03 09:52:32
2022-04,2호선,0225,방배,"481,396","499,746",2022-05-03 09:52:32
2022-04,2호선,0226,사당,"1,023,058","1,144,163",2022-05-03 09:52:32
2022-04,2호선,0227,낙성대(강감찬),"750,599","723,169",2022-05-03 09:52:32
2022-04,2호선,0228,서울대입구(관악구청),"1,313,750","1,286,379",2022-05-03 09:52:32
2022-04,2호선,0229,봉천,"640,547","587,728",2022-05-03 09:52:32
2022-04,2호선,0230,신림,"1,739,493","1,671,779",2022-05-03 09:52:32
2022-04,2호선,0231,신대방,"734,758","711,419",2022-05-03 09:52:32
2022-04,2호선,0232,구로디지털단지,"1,503,783","1,494,370",2022-05-03 09:52:32
2022-04,2호선,0233,대림(구로구청),"651,421","666,013",2022-05-03 09:52:32
2022-04,2호선,0234,신도림,"1,308,010","1,317,921",2022-05-03 09:52:32
2022-04,2호선,0235,문래,"563,532","580,227",2022-05-03 09:52:32
2022-04,2호선,0236,영등포구청,"571,152","592,845",2022-05-03 09:52:32
2022-04,2호선,0237,당산,"513,726","581,643",2022-05-03 09:52:32
2022-04,2호선,0238,합정,"864,093","932,313",2022-05-03 09:52:32
2022-04,2호선,0239,홍대입구,"1,586,793","1,704,066",2022-05-03 09:52:32
2022-04,2호선,0240,신촌,"911,623","923,257",2022-05-03 09:52:32
2022-04,2호선,0241,이대,"372,484","391,651",2022-05-03 09:52:32
2022-04,2호선,0242,아현,"282,747","268,880",2022-05-03 09:52:32
2022-04,2호선,0243,충정로(경기대입구),"253,703","271,282",2022-05-03 09:52:32
2022-04,2호선,0244,용답,"85,195","86,640",2022-05-03 09:52:32
2022-04,2호선,0245,신답,"43,909","48,464",2022-05-03 09:52:32
2022-04,2호선,0246,신설동,"100,811","67,737",2022-05-03 09:52:32
2022-04,2호선,0247,도림천,"37,570","39,923",2022-05-03 09:52:32
2022-04,2호선,0248,양천구청,"181,246","185,596",2022-05-03 09:52:32
2022-04,2호선,0249,신정네거리,"277,231","283,029",2022-05-03 09:52:32
2022-04,2호선,0250,용두(동대문구청),"63,229","64,042",2022-05-03 09:52:32
2022-04,3호선,0309,지축,"134,246","124,782",2022-05-03 09:52:32
2022-04,3호선,0310,구파발,"554,894","540,427",2022-05-03 09:52:32
2022-04,3호선,0311,연신내,"1,004,200","948,715",2022-05-03 09:52:32
2022-04,3호선,0312,불광,"443,603","479,690",2022-05-03 09:52:32
2022-04,3호선,0313,녹번,"414,941","371,976",2022-05-03 09:52:32
2022-04,3호선,0314,홍제,"483,347","459,736",2022-05-03 09:52:32
2022-04,3호선,0315,무악재,"104,630","108,755",2022-05-03 09:52:32
2022-04,3호선,0316,독립문,"197,984","212,638",2022-05-03 09:52:32
2022-04,3호선,0317,경복궁(정부서울청사),"613,856","614,187",2022-05-03 09:52:32
2022-04,3호선,0318,안국,"599,164","629,193",2022-05-03 09:52:32
2022-04,3호선,0319,종로3가,"255,484","306,721",2022-05-03 09:52:32
2022-04,3호선,0320,을지로3가,"262,027","269,746",2022-05-03 09:52:32
2022-04,3호선,0321,충무로,38,0,2022-05-03 09:52:32
2022-04,3호선,0322,동대입구,"252,167","280,495",2022-05-03 09:52:32
2022-04,3호선,0323,약수,"350,186","342,363",2022-05-03 09:52:32
2022-04,3호선,0324,금호,"213,774","199,519",2022-05-03 09:52:32
2022-04,3호선,0325,옥수,"245,921","252,162",2022-05-03 09:52:32
2022-04,3호선,0326,압구정,"823,960","882,959",2022-05-03 09:52:32
2022-04,3호선,0327,신사,"814,860","856,051",2022-05-03 09:52:32
2022-04,3호선,0328,잠원,"130,459","128,896",2022-05-03 09:52:32
2022-04,3호선,0329,고속터미널,"1,232,212","1,208,442",2022-05-03 09:52:32
2022-04,3호선,0330,교대(법원.검찰청),"365,412","237,639",2022-05-03 09:52:32
2022-04,3호선,0331,남부터미널(예술의전당),"769,809","780,282",2022-05-03 09:52:32
2022-04,3호선,0332,양재(서초구청),"971,905","1,057,010",2022-05-03 09:52:32
2022-04,3호선,0333,매봉,"315,297","303,338",2022-05-03 09:52:32
2022-04,3호선,0334,도곡,"139,983","146,200",2022-05-03 09:52:32
2022-04,3호선,0335,대치,"290,074","287,708",2022-05-03 09:52:32
2022-04,3호선,0336,학여울,"61,873","63,993",2022-05-03 09:52:32
2022-04,3호선,0337,대청,"265,114","243,182",2022-05-03 09:52:32
2022-04,3호선,0338,일원,"261,207","252,768",2022-05-03 09:52:32
2022-04,3호선,0339,수서,"470,313","475,898",2022-05-03 09:52:32
2022-04,3호선,0340,가락시장,"235,372","233,397",2022-05-03 09:52:32
2022-04,3호선,0341,경찰병원,"184,914","184,343",2022-05-03 09:52:32
2022-04,3호선,0342,오금,"163,673","151,808",2022-05-03 09:52:32
2022-04,4호선,0409,당고개,"253,240","230,214",2022-05-03 09:52:32
2022-04,4호선,0410,상계,"535,327","495,065",2022-05-03 09:52:32
2022-04,4호선,0411,노원,"522,238","586,479",2022-05-03 09:52:32
2022-04,4호선,0412,창동,"696,192","725,941",2022-05-03 09:52:32
2022-04,4호선,0413,쌍문,"794,668","724,372",2022-05-03 09:52:32
2022-04,4호선,0414,수유(강북구청),"930,226","926,482",2022-05-03 09:52:32
2022-04,4호선,0415,미아(서울사이버대학),"413,659","397,276",2022-05-03 09:52:32
2022-04,4호선,0416,미아사거리,"751,918","727,583",2022-05-03 09:52:32
2022-04,4호선,0417,길음,"569,043","556,923",2022-05-03 09:52:32
2022-04,4호선,0418,성신여대입구(돈암),"572,070","546,048",2022-05-03 09:52:32
2022-04,4호선,0419,한성대입구(삼선교),"389,016","381,741",2022-05-03 09:52:32
2022-04,4호선,0420,혜화,"905,012","916,846",2022-05-03 09:52:32
2022-04,4호선,0421,동대문,"519,078","529,305",2022-05-03 09:52:32
2022-04,4호선,0422,동대문역사문화공원(DDP),"391,434","357,138",2022-05-03 09:52:32
2022-04,4호선,0423,충무로,"709,928","731,572",2022-05-03 09:52:32
2022-04,4호선,0424,명동,"535,280","561,573",2022-05-03 09:52:32
2022-04,4호선,0425,회현(남대문시장),"645,565","688,070",2022-05-03 09:52:32
2022-04,4호선,0426,서울역,"280,723","455,469",2022-05-03 09:52:32
2022-04,4호선,0427,숙대입구(갈월),"375,349","361,326",2022-05-03 09:52:32
2022-04,4호선,0428,삼각지,"133,753","156,811",2022-05-03 09:52:32
2022-04,4호선,0429,신용산,"417,134","440,707",2022-05-03 09:52:32
2022-04,4호선,0430,이촌(국립중앙박물관),"211,492","235,647",2022-05-03 09:52:32
2022-04,4호선,0431,동작(현충원),"52,566","59,606",2022-05-03 09:52:32
2022-04,4호선,0432,총신대입구(이수),"516,206","556,913",2022-05-03 09:52:32
2022-04,4호선,0433,사당,"720,704","609,517",2022-05-03 09:52:32
2022-04,4호선,0434,남태령,"35,721","27,795",2022-05-03 09:52:32
2022-04,경부선,1001,서울역,"198,802","59,553",2022-05-03 09:52:32
2022-04,경부선,1002,남영,"248,690","264,477",2022-05-03 09:52:32
2022-04,경부선,1003,용산,"967,728","983,271",2022-05-03 09:52:32
2022-04,경부선,1004,노량진,"242,307","241,992",2022-05-03 09:52:32
2022-04,경부선,1005,대방,"346,896","353,730",2022-05-03 09:52:32
2022-04,경부선,1006,영등포,"1,098,071","1,125,929",2022-05-03 09:52:32
2022-04,경부선,1007,신도림,"113,391","115,731",2022-05-03 09:52:32
2022-04,경부선,1032,신길,"248,053","207,487",2022-05-03 09:52:32
2022-04,경부선,1701,구로,"492,588","508,739",2022-05-03 09:52:32
2022-04,경부선,1702,가산디지털단지,"448,766","526,533",2022-05-03 09:52:32
2022-04,경부선,1703,금천구청,"324,208","323,447",2022-05-03 09:52:32
2022-04,경부선,1704,석수,"267,394","241,965",2022-05-03 09:52:32
2022-04,경부선,1705,관악,"209,584","193,586",2022-05-03 09:52:32
2022-04,경부선,1706,안양,"708,461","697,892",2022-05-03 09:52:32
2022-04,경부선,1707,명학,"261,992","256,415",2022-05-03 09:52:32
2022-04,경부선,1708,금정,"738,519","751,386",2022-05-03 09:52:32
2022-04,경부선,1709,군포,"202,557","197,438",2022-05-03 09:52:32
2022-04,경부선,1710,의왕,"253,330","250,162",2022-05-03 09:52:32
2022-04,경부선,1711,성균관대,"417,987","412,123",2022-05-03 09:52:32
2022-04,경부선,1712,화서,"225,746","217,413",2022-05-03 09:52:32
2022-04,경부선,1713,수원,"1,080,418","1,151,142",2022-05-03 09:52:32
2022-04,경부선,1714,독산,"472,026","482,484",2022-05-03 09:52:32
2022-04,경부선,1715,세류,"86,257","79,725",2022-05-03 09:52:32
2022-04,경부선,1716,병점,"438,011","440,110",2022-05-03 09:52:32
2022-04,경부선,1717,세마,"80,813","75,267",2022-05-03 09:52:32
2022-04,경부선,1718,오산대,"113,854","105,191",2022-05-03 09:52:32
2022-04,경부선,1719,오산,"298,509","295,934",2022-05-03 09:52:32
2022-04,경부선,1720,진위,"48,397","41,829",2022-05-03 09:52:32
2022-04,경부선,1721,송탄,"137,037","131,236",2022-05-03 09:52:32
2022-04,경부선,1722,서정리,"218,998","205,495",2022-05-03 09:52:32
2022-04,경부선,1723,평택지제,"104,020","98,610",2022-05-03 09:52:32
2022-04,경부선,1724,평택,"392,551","392,055",2022-05-03 09:52:32
2022-04,경부선,1725,성환,"147,210","142,295",2022-05-03 09:52:32
2022-04,경부선,1726,직산,"24,773","24,136",2022-05-03 09:52:32
2022-04,경부선,1727,두정,"206,295","216,465",2022-05-03 09:52:32
2022-04,경부선,1728,천안,"200,878","195,337",2022-05-03 09:52:32
2022-04,경부선,1729,당정,"180,869","170,449",2022-05-03 09:52:32
2022-04,경부선,1749,서동탄,"38,378","35,389",2022-05-03 09:52:32
2022-04,경부선,1750,광명,"96,808","82,745",2022-05-03 09:52:32
2022-04,경인선,1801,개봉,"586,878","556,834",2022-05-03 09:52:32
2022-04,경인선,1802,오류동,"331,828","303,730",2022-05-03 09:52:32
2022-04,경인선,1803,역곡,"773,013","756,350",2022-05-03 09:52:32
2022-04,경인선,1804,부천,"924,048","930,936",2022-05-03 09:52:32
2022-04,경인선,1805,송내,"734,780","730,733",2022-05-03 09:52:32
2022-04,경인선,1806,부평,"838,230","907,312",2022-05-03 09:52:32
2022-04,경인선,1807,백운,"194,833","191,147",2022-05-03 09:52:32
2022-04,경인선,1808,동암,"409,635","412,091",2022-05-03 09:52:32
2022-04,경인선,1809,주안,"548,054","493,923",2022-05-03 09:52:32
2022-04,경인선,1810,제물포,"301,518","285,283",2022-05-03 09:52:32
2022-04,경인선,1811,동인천,"398,893","382,104",2022-05-03 09:52:32
2022-04,경인선,1812,인천,"124,866","100,907",2022-05-03 09:52:32
2022-04,경인선,1813,구일,"213,546","211,896",2022-05-03 09:52:32
2022-04,경인선,1814,소사,"257,776","246,561",2022-05-03 09:52:32
2022-04,경인선,1815,부개,"238,181","222,028",2022-05-03 09:52:32
2022-04,경인선,1816,간석,"163,882","150,127",2022-05-03 09:52:32
2022-04,경인선,1817,도원,"89,718","89,116",2022-05-03 09:52:32
2022-04,경인선,1821,온수(성공회대입구),"194,495","183,355",2022-05-03 09:52:32
2022-04,경인선,1822,중동,"258,739","241,084",2022-05-03 09:52:32
2022-04,경인선,1823,도화,"117,822","107,969",2022-05-03 09:52:32
2022-04,경원선,1008,이촌(국립중앙박물관),"106,004","79,542",2022-05-03 09:52:32
2022-04,경원선,1009,서빙고,"57,506","54,567",2022-05-03 09:52:32
2022-04,경원선,1010,한남,"107,713","103,615",2022-05-03 09:52:32
2022-04,경원선,1011,옥수,"1,553","1,054",2022-05-03 09:52:32
2022-04,경원선,1012,응봉,"61,106","58,405",2022-05-03 09:52:32
2022-04,경원선,1013,왕십리(성동구청),"401,870","442,869",2022-05-03 09:52:32
2022-04,경원선,1014,청량리(서울시립대입구),"449,550","466,775",2022-05-03 09:52:32
2022-04,경원선,1016,외대앞,"228,772","225,910",2022-05-03 09:52:32
2022-04,경원선,1017,신이문,"229,219","211,257",2022-05-03 09:52:32
2022-04,경원선,1018,석계,"233,728","255,436",2022-05-03 09:52:32
2022-04,경원선,1019,광운대,"238,297","235,874",2022-05-03 09:52:32
2022-04,경원선,1020,월계,"217,659","200,481",2022-05-03 09:52:32
2022-04,경원선,1021,녹천,"130,195","108,081",2022-05-03 09:52:32
2022-04,경원선,1022,창동,9,0,2022-05-03 09:52:32
2022-04,경원선,1901,방학,"272,547","266,355",2022-05-03 09:52:32
2022-04,경원선,1902,도봉,"165,831","157,382",2022-05-03 09:52:32
2022-04,경원선,1903,도봉산,"254,365","173,334",2022-05-03 09:52:32
2022-04,경원선,1904,망월사,"247,532","249,936",2022-05-03 09:52:32
2022-04,경원선,1905,회룡,"354,450","352,924",2022-05-03 09:52:32
2022-04,경원선,1906,의정부,"537,790","559,142",2022-05-03 09:52:32
2022-04,경원선,1907,가능,"192,002","182,990",2022-05-03 09:52:32
2022-04,경원선,1908,녹양,"132,306","124,356",2022-05-03 09:52:32
2022-04,경원선,1909,양주,"228,633","215,167",2022-05-03 09:52:32
2022-04,경원선,1910,덕계,"93,044","84,592",2022-05-03 09:52:32
2022-04,경원선,1911,덕정,"178,875","170,466",2022-05-03 09:52:32
2022-04,경원선,1912,지행,"194,828","194,141",2022-05-03 09:52:32
2022-04,경원선,1913,동두천중앙,"92,298","89,008",2022-05-03 09:52:32
2022-04,경원선,1914,보산,"52,254","47,758",2022-05-03 09:52:32
2022-04,경원선,1915,동두천,"71,773","82,173",2022-05-03 09:52:32
2022-04,경원선,1916,소요산,"100,519","85,810",2022-05-03 09:52:32
2022-04,안산선,1751,산본,"441,708","474,506",2022-05-03 09:52:32
2022-04,안산선,1752,대야미,"146,558","131,419",2022-05-03 09:52:32
2022-04,안산선,1753,반월,"122,108","118,081",2022-05-03 09:52:32
2022-04,안산선,1754,상록수,"454,781","458,984",2022-05-03 09:52:32
2022-04,안산선,1755,한대앞,"286,301","286,886",2022-05-03 09:52:32
2022-04,안산선,1756,중앙,"518,913","543,516",2022-05-03 09:52:32
2022-04,안산선,1757,고잔,"250,170","239,281",2022-05-03 09:52:32
2022-04,안산선,1758,초지,"137,950","146,906",2022-05-03 09:52:32
2022-04,안산선,1759,안산,"334,853","310,045",2022-05-03 09:52:32
2022-04,안산선,1760,신길온천,"51,182","47,351",2022-05-03 09:52:32
2022-04,안산선,1761,정왕,"276,864","280,529",2022-05-03 09:52:32
2022-04,안산선,1762,오이도,"247,808","246,663",2022-05-03 09:52:32
2022-04,안산선,1763,수리산,"131,025","118,434",2022-05-03 09:52:32
2022-04,과천선,1450,선바위,"226,624","201,438",2022-05-03 09:52:32
2022-04,과천선,1451,경마공원,"164,880","166,471",2022-05-03 09:52:32
2022-04,과천선,1452,대공원,"191,855","197,703",2022-05-03 09:52:32
2022-04,과천선,1453,과천,"175,639","161,831",2022-05-03 09:52:32
2022-04,과천선,1454,정부과천청사,"278,919","274,237",2022-05-03 09:52:32
2022-04,과천선,1455,인덕원,"658,245","672,187",2022-05-03 09:52:32
2022-04,과천선,1456,평촌,"450,911","439,024",2022-05-03 09:52:32
2022-04,과천선,1457,범계,"716,794","716,900",2022-05-03 09:52:32
2022-04,분당선,1023,선릉,"318,922","489,616",2022-05-03 09:52:32
2022-04,분당선,1024,한티,"384,342","402,526",2022-05-03 09:52:32
2022-04,분당선,1025,도곡,"188,075","182,720",2022-05-03 09:52:32
2022-04,분당선,1026,구룡,"62,234","59,493",2022-05-03 09:52:32
2022-04,분당선,1027,개포동,"107,249","109,322",2022-05-03 09:52:32
2022-04,분당선,1028,대모산입구,"121,412","112,615",2022-05-03 09:52:32
2022-04,분당선,1030,수서,"379,560","386,160",2022-05-03 09:52:32
2022-04,분당선,1031,복정,13,0,2022-05-03 09:52:32
2022-04,분당선,1846,수원,"241,578","200,093",2022-05-03 09:52:32
2022-04,분당선,1847,서울숲,"381,704","405,707",2022-05-03 09:52:32
2022-04,분당선,1848,압구정로데오,"528,528","599,589",2022-05-03 09:52:32
2022-04,분당선,1849,강남구청,"253,950","297,027",2022-05-03 09:52:32
2022-04,분당선,1850,선정릉,"197,482","210,079",2022-05-03 09:52:32
2022-04,분당선,1851,가천대,"276,408","297,326",2022-05-03 09:52:32
2022-04,분당선,1852,태평,"373,949","356,986",2022-05-03 09:52:32
2022-04,분당선,1853,모란,"596,169","611,228",2022-05-03 09:52:32
2022-04,분당선,1854,야탑,"697,304","726,912",2022-05-03 09:52:32
2022-04,분당선,1855,서현,"655,269","663,892",2022-05-03 09:52:32
2022-04,분당선,1856,수내,"347,407","343,587",2022-05-03 09:52:32
2022-04,분당선,1857,정자,"447,785","473,638",2022-05-03 09:52:32
2022-04,분당선,1858,미금,"414,324","439,530",2022-05-03 09:52:32
2022-04,분당선,1859,오리,"310,991","254,469",2022-05-03 09:52:32
2022-04,분당선,1860,이매,"159,020","149,843",2022-05-03 09:52:32
2022-04,분당선,1861,보정,"69,116","60,664",2022-05-03 09:52:32
2022-04,분당선,1862,죽전,"385,086","421,386",2022-05-03 09:52:32
2022-04,분당선,1863,구성,"135,352","141,634",2022-05-03 09:52:32
2022-04,분당선,1864,신갈,"117,850","117,739",2022-05-03 09:52:32
2022-04,분당선,1865,기흥,"270,829","252,100",2022-05-03 09:52:32
2022-04,분당선,1866,상갈,"147,167","143,008",2022-05-03 09:52:32
2022-04,분당선,1867,청명,"114,957","111,545",2022-05-03 09:52:32
2022-04,분당선,1868,영통,"229,703","229,602",2022-05-03 09:52:32
2022-04,분당선,1869,망포,"382,099","360,631",2022-05-03 09:52:32
2022-04,분당선,1870,매탄권선,"139,673","134,431",2022-05-03 09:52:32
2022-04,분당선,1871,수원시청,"352,246","382,861",2022-05-03 09:52:32
2022-04,분당선,1872,매교,"85,658","85,694",2022-05-03 09:52:32
2022-04,일산선,1948,원흥,"292,887","277,788",2022-05-03 09:52:32
2022-04,일산선,1949,지축,5,0,2022-05-03 09:52:32
2022-04,일산선,1950,삼송,"541,365","522,199",2022-05-03 09:52:32
2022-04,일산선,1951,원당,"311,451","294,280",2022-05-03 09:52:32
2022-04,일산선,1952,화정,"462,723","474,184",2022-05-03 09:52:32
2022-04,일산선,1953,대곡,"60,028","48,836",2022-05-03 09:52:32
2022-04,일산선,1954,백석,"263,970","263,007",2022-05-03 09:52:32
2022-04,일산선,1955,마두,"200,653","204,165",2022-05-03 09:52:32
2022-04,일산선,1956,정발산,"220,793","227,345",2022-05-03 09:52:32
2022-04,일산선,1957,주엽,"243,874","243,658",2022-05-03 09:52:32
2022-04,일산선,1958,대화,"337,079","276,818",2022-05-03 09:52:32
2022-04,중앙선,1015,회기,"708,543","685,721",2022-05-03 09:52:32
2022-04,중앙선,1201,중랑,"158,408","150,043",2022-05-03 09:52:32
2022-04,중앙선,1202,상봉(시외버스터미널),"164,722","164,115",2022-05-03 09:52:32
2022-04,중앙선,1203,망우,"221,386","216,784",2022-05-03 09:52:32
2022-04,중앙선,1204,양원,"82,248","78,219",2022-05-03 09:52:32
2022-04,중앙선,1205,구리,"370,054","378,539",2022-05-03 09:52:32
2022-04,중앙선,1206,도농,"288,527","265,254",2022-05-03 09:52:32
2022-04,중앙선,1207,양정,"21,985","18,762",2022-05-03 09:52:32
2022-04,중앙선,1208,덕소,"157,083","159,487",2022-05-03 09:52:32
2022-04,중앙선,1209,도심,"67,343","54,247",2022-05-03 09:52:32
2022-04,중앙선,1210,팔당,"34,201","36,418",2022-05-03 09:52:32
2022-04,중앙선,1211,운길산,"34,599","33,048",2022-05-03 09:52:32
2022-04,중앙선,1212,양수,"62,658","62,948",2022-05-03 09:52:32
2022-04,중앙선,1213,신원,"8,965","7,226",2022-05-03 09:52:32
2022-04,중앙선,1214,국수,"24,720","24,105",2022-05-03 09:52:32
2022-04,중앙선,1215,아신,"17,917","17,811",2022-05-03 09:52:32
2022-04,중앙선,1216,오빈,"9,749","9,889",2022-05-03 09:52:32
2022-04,중앙선,1217,양평,"93,342","95,247",2022-05-03 09:52:32
2022-04,중앙선,1218,원덕,"14,719","13,962",2022-05-03 09:52:32
2022-04,중앙선,1219,용문,"73,893","72,947",2022-05-03 09:52:32
2022-04,중앙선,1220,지평,"2,177","2,577",2022-05-03 09:52:32
2022-04,장항선,1401,봉명,"33,890","32,507",2022-05-03 09:52:32
2022-04,장항선,1402,쌍용(나사렛대),"76,487","71,440",2022-05-03 09:52:32
2022-04,장항선,1403,아산,"114,808","100,175",2022-05-03 09:52:32
2022-04,장항선,1404,탕정,"23,235","20,333",2022-05-03 09:52:32
2022-04,장항선,1405,배방,"34,304","33,767",2022-05-03 09:52:32
2022-04,장항선,1407,온양온천,"119,275","122,769",2022-05-03 09:52:32
2022-04,장항선,1408,신창(순천향대),"74,567","70,021",2022-05-03 09:52:32
2022-04,경의선,1252,신촌,"21,167","27,371",2022-05-03 09:52:32
2022-04,경의선,1261,효창공원앞,"80,184","88,423",2022-05-03 09:52:32
2022-04,경의선,1263,서강대,"59,961","58,616",2022-05-03 09:52:32
2022-04,경의선,1265,가좌,"150,065","143,241",2022-05-03 09:52:32
2022-04,경의선,1267,수색,"72,425","75,748",2022-05-03 09:52:32
2022-04,경의선,1268,화전,"83,199","77,523",2022-05-03 09:52:32
2022-04,경의선,1269,강매,"89,087","77,825",2022-05-03 09:52:32
2022-04,경의선,1270,행신,"218,457","218,698",2022-05-03 09:52:32
2022-04,경의선,1271,능곡,"108,581","102,423",2022-05-03 09:52:32
2022-04,경의선,1272,곡산,"18,062","18,979",2022-05-03 09:52:32
2022-04,경의선,1273,백마,"190,446","182,444",2022-05-03 09:52:32
2022-04,경의선,1274,풍산,"158,115","147,213",2022-05-03 09:52:32
2022-04,경의선,1275,일산,"266,722","260,804",2022-05-03 09:52:32
2022-04,경의선,1276,탄현,"214,273","203,183",2022-05-03 09:52:32
2022-04,경의선,1277,야당,"216,146","216,131",2022-05-03 09:52:32
2022-04,경의선,1278,운정,"194,124","181,637",2022-05-03 09:52:32
2022-04,경의선,1279,금릉,"137,820","133,965",2022-05-03 09:52:32
2022-04,경의선,1280,금촌,"185,267","183,157",2022-05-03 09:52:32
2022-04,경의선,1282,월롱,"79,116","75,715",2022-05-03 09:52:32
2022-04,경의선,1283,파주,"41,410","30,835",2022-05-03 09:52:32
2022-04,경의선,1284,문산,"150,291","148,208",2022-05-03 09:52:32
2022-04,경의선,1285,임진강,985,833,2022-05-03 09:52:32
2022-04,경의선,1291,서울역,"105,853","133,486",2022-05-03 09:52:32
2022-04,경의선,1292,공덕,"95,307","83,541",2022-05-03 09:52:32
2022-04,경의선,1293,홍대입구,"51,361","60,611",2022-05-03 09:52:32
2022-04,경의선,1294,디지털미디어시티,"71,847","65,645",2022-05-03 09:52:32
2022-04,경의선,1295,김포공항,2,0,2022-05-03 09:52:32
2022-04,경의선,1296,계양,8,0,2022-05-03 09:52:32
2022-04,경의선,1297,검암,2,0,2022-05-03 09:52:32
2022-04,경춘선,1311,신내,"60,551","57,680",2022-05-03 09:52:32
2022-04,경춘선,1312,갈매,"82,327","71,555",2022-05-03 09:52:32
2022-04,경춘선,1313,별내,"89,132","83,518",2022-05-03 09:52:32
2022-04,경춘선,1314,퇴계원,"98,729","90,552",2022-05-03 09:52:32
2022-04,경춘선,1315,사릉,"71,017","69,046",2022-05-03 09:52:32
2022-04,경춘선,1316,금곡,"44,273","42,122",2022-05-03 09:52:32
2022-04,경춘선,1317,평내호평,"176,515","173,357",2022-05-03 09:52:32
2022-04,경춘선,1318,천마산,"49,641","46,890",2022-05-03 09:52:32
2022-04,경춘선,1319,마석,"118,705","117,417",2022-05-03 09:52:32
2022-04,경춘선,1320,대성리,"23,165","23,366",2022-05-03 09:52:32
2022-04,경춘선,1321,청평,"52,829","51,881",2022-05-03 09:52:32
2022-04,경춘선,1322,상천,"12,242","11,246",2022-05-03 09:52:32
2022-04,경춘선,1323,가평,"53,337","54,053",2022-05-03 09:52:32
2022-04,경춘선,1324,굴봉산,"6,253","6,216",2022-05-03 09:52:32
2022-04,경춘선,1325,백양리,"3,455","3,451",2022-05-03 09:52:32
2022-04,경춘선,1326,강촌,"17,644","17,450",2022-05-03 09:52:32
2022-04,경춘선,1327,김유정,"12,081","13,294",2022-05-03 09:52:32
2022-04,경춘선,1328,남춘천,"84,135","83,814",2022-05-03 09:52:32
2022-04,경춘선,1329,춘천,"53,775","46,418",2022-05-03 09:52:32
2022-04,수인선,1873,고색,"129,587","123,985",2022-05-03 09:52:32
2022-04,수인선,1874,오목천,"98,475","89,238",2022-05-03 09:52:32
2022-04,수인선,1875,어천,"22,492","23,008",2022-05-03 09:52:32
2022-04,수인선,1876,야목,"11,109","8,516",2022-05-03 09:52:32
2022-04,수인선,1877,사리,"136,656","119,300",2022-05-03 09:52:32
2022-04,수인선,1878,달월,"2,937","2,115",2022-05-03 09:52:32
2022-04,수인선,1879,월곶,"78,165","72,491",2022-05-03 09:52:32
2022-04,수인선,1880,소래포구,"178,906","172,047",2022-05-03 09:52:32
2022-04,수인선,1881,인천논현,"154,026","164,292",2022-05-03 09:52:32
2022-04,수인선,1882,호구포,"110,301","113,099",2022-05-03 09:52:32
2022-04,수인선,1883,남동인더스파크,"55,744","61,498",2022-05-03 09:52:32
2022-04,수인선,1884,원인재,"127,159","134,270",2022-05-03 09:52:32
2022-04,수인선,1885,연수,"135,010","132,943",2022-05-03 09:52:32
2022-04,수인선,1886,송도,"71,491","66,962",2022-05-03 09:52:32
2022-04,수인선,1888,인하대,"192,465","181,990",2022-05-03 09:52:32
2022-04,수인선,1889,숭의,"110,617","101,811",2022-05-03 09:52:32
2022-04,수인선,1890,신포,"53,983","53,847",2022-05-03 09:52:32
2022-04,수인선,1891,인천,"33,971","57,147",2022-05-03 09:52:32
2022-04,경강선,1501,판교,"124,635","122,794",2022-05-03 09:52:32
2022-04,경강선,1502,이매,"31,462","26,387",2022-05-03 09:52:32
2022-04,경강선,1503,삼동,"63,690","58,244",2022-05-03 09:52:32
2022-04,경강선,1504,경기광주,"210,431","198,137",2022-05-03 09:52:32
2022-04,경강선,1505,초월,"86,758","81,586",2022-05-03 09:52:32
2022-04,경강선,1506,곤지암,"65,216","65,790",2022-05-03 09:52:32
2022-04,경강선,1507,신둔도예촌,"45,941","41,749",2022-05-03 09:52:32
2022-04,경강선,1508,이천,"77,590","81,377",2022-05-03 09:52:32
2022-04,경강선,1509,부발,"63,285","61,554",2022-05-03 09:52:32
2022-04,경강선,1510,세종대왕릉,"10,029","10,266",2022-05-03 09:52:32
2022-04,경강선,1511,여주,"73,706","75,362",2022-05-03 09:52:32
2022-04,5호선,2511,방화,"180,436","172,126",2022-05-03 09:52:32
2022-04,5호선,2512,개화산,"150,520","144,454",2022-05-03 09:52:32
2022-04,5호선,2513,김포공항,"212,553","210,195",2022-05-03 09:52:32
2022-04,5호선,2514,송정,"179,876","169,056",2022-05-03 09:52:32
2022-04,5호선,2515,마곡,"267,321","269,887",2022-05-03 09:52:32
2022-04,5호선,2516,발산,"537,089","559,058",2022-05-03 09:52:32
2022-04,5호선,2517,우장산,"392,252","383,238",2022-05-03 09:52:32
2022-04,5호선,2518,화곡,"766,885","709,646",2022-05-03 09:52:32
2022-04,5호선,2519,까치산,"783,557","742,369",2022-05-03 09:52:32
2022-04,5호선,2520,신정(은행정),"369,889","302,548",2022-05-03 09:52:32
2022-04,5호선,2521,목동,"444,447","469,456",2022-05-03 09:52:32
2022-04,5호선,2522,오목교(목동운동장앞),"574,805","612,598",2022-05-03 09:52:32
2022-04,5호선,2523,양평,"191,745","187,126",2022-05-03 09:52:32
2022-04,5호선,2524,영등포구청,"102,055","103,443",2022-05-03 09:52:32
2022-04,5호선,2525,영등포시장,"276,600","284,665",2022-05-03 09:52:32
2022-04,5호선,2526,신길,"111,322","116,547",2022-05-03 09:52:32
2022-04,5호선,2527,여의도,"727,651","774,021",2022-05-03 09:52:32
2022-04,5호선,2528,여의나루,"550,119","616,896",2022-05-03 09:52:32
2022-04,5호선,2529,마포,"368,347","376,751",2022-05-03 09:52:32
2022-04,5호선,2530,공덕,"356,403","378,303",2022-05-03 09:52:32
2022-04,5호선,2531,애오개,"175,415","175,595",2022-05-03 09:52:32
2022-04,5호선,2532,충정로(경기대입구),"119,295","120,463",2022-05-03 09:52:32
2022-04,5호선,2533,서대문,"479,481","479,542",2022-05-03 09:52:32
2022-04,5호선,2534,광화문(세종문화회관),"748,750","783,044",2022-05-03 09:52:32
2022-04,5호선,2535,종로3가,"359,177","362,587",2022-05-03 09:52:32
2022-04,5호선,2536,을지로4가,"156,750","160,517",2022-05-03 09:52:32
2022-04,5호선,2537,동대문역사문화공원(DDP),"67,336","79,461",2022-05-03 09:52:32
2022-04,5호선,2538,청구,"106,797","95,826",2022-05-03 09:52:32
2022-04,5호선,2539,신금호,"173,016","178,889",2022-05-03 09:52:32
2022-04,5호선,2540,행당,"215,687","190,006",2022-05-03 09:52:32
2022-04,5호선,2541,왕십리(성동구청),"124,214","145,686",2022-05-03 09:52:32
2022-04,5호선,2542,마장,"153,840","144,995",2022-05-03 09:52:32
2022-04,5호선,2543,답십리,"418,181","380,103",2022-05-03 09:52:32
2022-04,5호선,2544,장한평,"479,840","472,876",2022-05-03 09:52:32
2022-04,5호선,2545,군자(능동),"303,441","334,602",2022-05-03 09:52:32
2022-04,5호선,2546,아차산(어린이대공원후문),"447,008","431,963",2022-05-03 09:52:32
2022-04,5호선,2547,광나루(장신대),"374,491","343,200",2022-05-03 09:52:32
2022-04,5호선,2548,천호(풍납토성),"506,876","503,622",2022-05-03 09:52:32
2022-04,5호선,2549,강동,"496,057","475,427",2022-05-03 09:52:32
2022-04,5호선,2550,길동,"213,983","221,014",2022-05-03 09:52:32
2022-04,5호선,2551,굽은다리(강동구민회관앞),"257,384","240,528",2022-05-03 09:52:32
2022-04,5호선,2552,명일,"236,586","241,654",2022-05-03 09:52:32
2022-04,5호선,2553,고덕,"255,246","251,022",2022-05-03 09:52:32
2022-04,5호선,2554,상일동,"391,511","363,480",2022-05-03 09:52:32
2022-04,5호선,2555,둔촌동,"227,274","225,575",2022-05-03 09:52:32
2022-04,5호선,2556,올림픽공원(한국체대),"123,648","108,785",2022-05-03 09:52:32
2022-04,5호선,2557,방이,"191,311","194,251",2022-05-03 09:52:32
2022-04,5호선,2558,오금,"99,243","98,791",2022-05-03 09:52:32
2022-04,5호선,2559,개롱,"170,450","177,319",2022-05-03 09:52:32
2022-04,5호선,2560,거여,"271,021","256,761",2022-05-03 09:52:32
2022-04,5호선,2561,마천,"194,042","187,804",2022-05-03 09:52:32
2022-04,5호선,2562,강일,"113,102","105,815",2022-05-03 09:52:32
2022-04,5호선,2563,미사,"439,733","438,302",2022-05-03 09:52:32
2022-04,5호선,2564,하남풍산,"115,036","112,974",2022-05-03 09:52:32
2022-04,5호선,2565,하남시청(덕풍·신장),"190,052","183,285",2022-05-03 09:52:32
2022-04,5호선,2566,하남검단산,"165,932","159,921",2022-05-03 09:52:32
2022-04,6호선,2611,응암,"482,372","476,686",2022-05-03 09:52:32
2022-04,6호선,2612,역촌,"98,711","115,584",2022-05-03 09:52:32
2022-04,6호선,2613,불광,"121,778","118,345",2022-05-03 09:52:32
2022-04,6호선,2614,독바위,"74,457","79,662",2022-05-03 09:52:32
2022-04,6호선,2615,연신내,22,0,2022-05-03 09:52:32
2022-04,6호선,2616,구산,"208,740","152,223",2022-05-03 09:52:32
2022-04,6호선,2617,새절(신사),"355,715","331,715",2022-05-03 09:52:32
2022-04,6호선,2618,증산(명지대앞),"277,863","275,473",2022-05-03 09:52:32
2022-04,6호선,2619,디지털미디어시티,"352,866","379,701",2022-05-03 09:52:32
2022-04,6호선,2620,월드컵경기장(성산),"138,828","143,691",2022-05-03 09:52:32
2022-04,6호선,2621,마포구청,"374,407","332,801",2022-05-03 09:52:32
2022-04,6호선,2622,망원,"394,217","422,840",2022-05-03 09:52:32
2022-04,6호선,2623,합정,"374,765","366,425",2022-05-03 09:52:32
2022-04,6호선,2624,상수,"245,192","285,996",2022-05-03 09:52:32
2022-04,6호선,2625,광흥창(서강),"236,183","225,803",2022-05-03 09:52:32
2022-04,6호선,2626,대흥(서강대앞),"223,239","229,152",2022-05-03 09:52:32
2022-04,6호선,2627,공덕,"470,019","454,064",2022-05-03 09:52:32
2022-04,6호선,2628,효창공원앞,"193,071","176,777",2022-05-03 09:52:32
2022-04,6호선,2629,삼각지,"182,384","155,162",2022-05-03 09:52:32
2022-04,6호선,2630,녹사평(용산구청),"144,040","147,431",2022-05-03 09:52:32
2022-04,6호선,2631,이태원,"328,186","362,641",2022-05-03 09:52:32
2022-04,6호선,2632,한강진,"223,038","268,587",2022-05-03 09:52:32
2022-04,6호선,2633,버티고개,"56,942","56,640",2022-05-03 09:52:32
2022-04,6호선,2634,약수,"96,270","96,865",2022-05-03 09:52:32
2022-04,6호선,2635,청구,"97,946","103,595",2022-05-03 09:52:32
2022-04,6호선,2636,신당,"228,295","233,030",2022-05-03 09:52:32
2022-04,6호선,2637,동묘앞,"226,726","227,396",2022-05-03 09:52:32
2022-04,6호선,2638,창신,"95,692","80,016",2022-05-03 09:52:32
2022-04,6호선,2639,보문,"198,975","181,002",2022-05-03 09:52:32
2022-04,6호선,2640,안암(고대병원앞),"337,770","336,835",2022-05-03 09:52:32
2022-04,6호선,2641,고려대(종암),"225,848","220,413",2022-05-03 09:52:32
2022-04,6호선,2642,월곡(동덕여대),"320,217","310,704",2022-05-03 09:52:32
2022-04,6호선,2643,상월곡(한국과학기술연구원),"170,616","154,242",2022-05-03 09:52:32
2022-04,6호선,2644,돌곶이,"255,262","235,211",2022-05-03 09:52:32
2022-04,6호선,2645,석계,"335,975","348,714",2022-05-03 09:52:32
2022-04,6호선,2646,태릉입구,"152,994","167,929",2022-05-03 09:52:32
2022-04,6호선,2647,화랑대(서울여대입구),"322,462","253,284",2022-05-03 09:52:32
2022-04,6호선,2648,봉화산(서울의료원),"232,419","219,506",2022-05-03 09:52:32
2022-04,6호선,2649,신내,6,0,2022-05-03 09:52:32
2022-04,7호선,2711,장암,"63,278","28,998",2022-05-03 09:52:32
2022-04,7호선,2712,도봉산,"261,276","313,087",2022-05-03 09:52:32
2022-04,7호선,2713,수락산,"353,097","342,953",2022-05-03 09:52:32
2022-04,7호선,2714,마들,"344,033","321,464",2022-05-03 09:52:32
2022-04,7호선,2715,노원,"520,767","548,315",2022-05-03 09:52:32
2022-04,7호선,2716,중계,"391,888","355,973",2022-05-03 09:52:32
2022-04,7호선,2717,하계,"489,021","455,720",2022-05-03 09:52:32
2022-04,7호선,2718,공릉(서울과학기술대),"347,589","339,939",2022-05-03 09:52:32
2022-04,7호선,2719,태릉입구,"244,088","231,157",2022-05-03 09:52:32
2022-04,7호선,2720,먹골,"275,610","265,929",2022-05-03 09:52:32
2022-04,7호선,2721,중화,"293,351","283,589",2022-05-03 09:52:32
2022-04,7호선,2722,상봉(시외버스터미널),"459,021","430,453",2022-05-03 09:52:32
2022-04,7호선,2723,면목,"438,340","421,465",2022-05-03 09:52:32
2022-04,7호선,2724,사가정,"442,496","439,551",2022-05-03 09:52:32
2022-04,7호선,2725,용마산(용마폭포공원),"167,618","163,791",2022-05-03 09:52:32
2022-04,7호선,2726,중곡,"291,967","269,469",2022-05-03 09:52:32
2022-04,7호선,2727,군자(능동),"404,030","317,349",2022-05-03 09:52:32
2022-04,7호선,2728,어린이대공원(세종대),"420,209","431,087",2022-05-03 09:52:32
2022-04,7호선,2729,건대입구,"355,632","376,547",2022-05-03 09:52:32
2022-04,7호선,2730,뚝섬유원지,"347,174","337,332",2022-05-03 09:52:32
2022-04,7호선,2731,청담,"491,930","551,545",2022-05-03 09:52:32
2022-04,7호선,2732,강남구청,"409,893","457,436",2022-05-03 09:52:32
2022-04,7호선,2733,학동,"586,129","628,177",2022-05-03 09:52:32
2022-04,7호선,2734,논현,"506,884","554,633",2022-05-03 09:52:32
2022-04,7호선,2735,반포,"158,721","153,743",2022-05-03 09:52:32
2022-04,7호선,2736,고속터미널,"452,399","365,942",2022-05-03 09:52:32
2022-04,7호선,2737,내방,"366,417","374,953",2022-05-03 09:52:32
2022-04,7호선,2738,이수,"424,184","408,518",2022-05-03 09:52:32
2022-04,7호선,2739,남성,"298,893","274,891",2022-05-03 09:52:32
2022-04,7호선,2740,숭실대입구(살피재),"383,625","386,050",2022-05-03 09:52:32
2022-04,7호선,2741,상도,"299,596","288,709",2022-05-03 09:52:32
2022-04,7호선,2742,장승배기,"239,530","232,132",2022-05-03 09:52:32
2022-04,7호선,2743,신대방삼거리,"447,964","424,242",2022-05-03 09:52:32
2022-04,7호선,2744,보라매,"266,929","264,916",2022-05-03 09:52:32
2022-04,7호선,2745,신풍,"312,242","297,165",2022-05-03 09:52:32
2022-04,7호선,2746,대림(구로구청),"220,028","222,103",2022-05-03 09:52:32
2022-04,7호선,2747,남구로,"396,271","417,095",2022-05-03 09:52:32
2022-04,7호선,2748,가산디지털단지,"1,070,438","1,069,438",2022-05-03 09:52:32
2022-04,7호선,2749,철산,"563,147","572,804",2022-05-03 09:52:32
2022-04,7호선,2750,광명사거리,"602,704","591,874",2022-05-03 09:52:32
2022-04,7호선,2751,천왕,"301,284","284,551",2022-05-03 09:52:32
2022-04,7호선,2752,온수(성공회대입구),"279,421","265,098",2022-05-03 09:52:32
2022-04,7호선,2753,까치울,3,0,2022-05-03 09:52:32
2022-04,7호선,2754,부천종합운동장,1,0,2022-05-03 09:52:32
2022-04,7호선,2756,신중동,1,0,2022-05-03 09:52:32
2022-04,7호선,2757,부천시청,4,0,2022-05-03 09:52:32
2022-04,7호선,2758,상동,3,0,2022-05-03 09:52:32
2022-04,7호선,2759,삼산체육관,2,0,2022-05-03 09:52:32
2022-04,7호선,2760,굴포천,1,0,2022-05-03 09:52:32
2022-04,8호선,2811,암사,"501,908","443,141",2022-05-03 09:52:32
2022-04,8호선,2812,천호(풍납토성),"402,876","466,018",2022-05-03 09:52:32
2022-04,8호선,2813,강동구청,"270,248","275,686",2022-05-03 09:52:32
2022-04,8호선,2814,몽촌토성(평화의문),"173,828","173,845",2022-05-03 09:52:32
2022-04,8호선,2815,잠실(송파구청),"425,779","500,429",2022-05-03 09:52:32
2022-04,8호선,2816,석촌,"222,825","271,869",2022-05-03 09:52:32
2022-04,8호선,2817,송파,"218,797","214,029",2022-05-03 09:52:32
2022-04,8호선,2818,가락시장,"204,151","227,746",2022-05-03 09:52:32
2022-04,8호선,2819,문정,"533,334","560,030",2022-05-03 09:52:32
2022-04,8호선,2820,장지,"464,180","442,496",2022-05-03 09:52:32
2022-04,8호선,2821,복정,"266,412","224,289",2022-05-03 09:52:32
2022-04,8호선,2822,산성,"152,115","152,228",2022-05-03 09:52:32
2022-04,8호선,2823,남한산성입구(성남법원.검찰청),"406,182","370,163",2022-05-03 09:52:32
2022-04,8호선,2824,단대오거리,"304,049","285,381",2022-05-03 09:52:32
2022-04,8호선,2825,신흥,"116,291","124,469",2022-05-03 09:52:32
2022-04,8호선,2826,수진,"148,842","135,185",2022-05-03 09:52:32
2022-04,8호선,2827,모란,"138,193","114,063",2022-05-03 09:52:32
2022-04,8호선,2828,남위례,"131,739","136,431",2022-05-03 09:52:32
2022-04,9호선,4101,개화,"66,295","49,184",2022-05-03 09:52:32
2022-04,9호선,4102,김포공항,"219,039","336,784",2022-05-03 09:52:32
2022-04,9호선,4103,공항시장,"83,301","88,660",2022-05-03 09:52:32
2022-04,9호선,4104,신방화,"184,189","175,886",2022-05-03 09:52:32
2022-04,9호선,4105,마곡나루(서울식물원),"326,867","323,605",2022-05-03 09:52:32
2022-04,9호선,4106,양천향교,"260,054","261,050",2022-05-03 09:52:32
2022-04,9호선,4107,가양,"555,458","532,008",2022-05-03 09:52:32
2022-04,9호선,4108,증미,"187,129","179,888",2022-05-03 09:52:32
2022-04,9호선,4109,등촌,"297,441","284,114",2022-05-03 09:52:32
2022-04,9호선,4110,염창,"468,627","445,221",2022-05-03 09:52:32
2022-04,9호선,4111,신목동,"111,339","96,619",2022-05-03 09:52:32
2022-04,9호선,4112,선유도,"224,815","214,160",2022-05-03 09:52:32
2022-04,9호선,4113,당산,"499,769","489,001",2022-05-03 09:52:32
2022-04,9호선,4114,국회의사당,"451,468","456,893",2022-05-03 09:52:32
2022-04,9호선,4115,여의도,"719,567","699,312",2022-05-03 09:52:32
2022-04,9호선,4116,샛강,"151,613","156,298",2022-05-03 09:52:32
2022-04,9호선,4117,노량진,"730,050","708,841",2022-05-03 09:52:32
2022-04,9호선,4118,노들,"125,138","104,737",2022-05-03 09:52:32
2022-04,9호선,4119,흑석(중앙대입구),"239,669","240,849",2022-05-03 09:52:32
2022-04,9호선,4120,동작(현충원),"68,830","56,694",2022-05-03 09:52:32
2022-04,9호선,4121,구반포,"35,921","37,564",2022-05-03 09:52:32
2022-04,9호선,4122,신반포,"98,944","98,006",2022-05-03 09:52:32
2022-04,9호선,4123,고속터미널,"376,858","483,609",2022-05-03 09:52:32
2022-04,9호선,4124,사평,"93,223","89,633",2022-05-03 09:52:32
2022-04,9호선,4125,신논현,"853,857","852,160",2022-05-03 09:52:32
2022-04,공항철도 1호선,4201,서울역,"239,097","228,146",2022-05-03 09:52:32
2022-04,공항철도 1호선,4202,공덕,"60,801","82,339",2022-05-03 09:52:32
2022-04,공항철도 1호선,4203,홍대입구,"294,994","297,407",2022-05-03 09:52:32
2022-04,공항철도 1호선,4204,디지털미디어시티,"338,636","316,547",2022-05-03 09:52:32
2022-04,공항철도 1호선,4206,마곡나루(서울식물원),"219,112","217,707",2022-05-03 09:52:32
2022-04,공항철도 1호선,4207,김포공항,"356,774","194,198",2022-05-03 09:52:32
2022-04,공항철도 1호선,4208,계양,"286,298","268,910",2022-05-03 09:52:32
2022-04,공항철도 1호선,4209,검암,"179,587","180,194",2022-05-03 09:52:32
2022-04,공항철도 1호선,4210,청라국제도시,"185,392","175,642",2022-05-03 09:52:32
2022-04,공항철도 1호선,4211,운서,"201,188","202,780",2022-05-03 09:52:32
2022-04,공항철도 1호선,4212,공항화물청사,"59,222","63,611",2022-05-03 09:52:32
2022-04,공항철도 1호선,4213,인천공항1터미널,"138,694","132,755",2022-05-03 09:52:32
2022-04,공항철도 1호선,4215,인천공항2터미널,"76,525","68,160",2022-05-03 09:52:32
2022-04,공항철도 1호선,4217,영종,"92,954","93,276",2022-05-03 09:52:32
2022-04,9호선2~3단계,4126,언주,"263,672","269,955",2022-05-03 09:52:32
2022-04,9호선2~3단계,4127,선정릉,"241,579","267,892",2022-05-03 09:52:32
2022-04,9호선2~3단계,4128,삼성중앙,"167,803","176,526",2022-05-03 09:52:32
2022-04,9호선2~3단계,4129,봉은사,"426,727","440,066",2022-05-03 09:52:32
2022-04,9호선2~3단계,4130,종합운동장,"118,826","119,861",2022-05-03 09:52:32
2022-04,9호선2~3단계,4131,삼전,"184,247","174,666",2022-05-03 09:52:32
2022-04,9호선2~3단계,4132,석촌고분,"164,420","159,731",2022-05-03 09:52:32
2022-04,9호선2~3단계,4133,석촌,"249,213","223,233",2022-05-03 09:52:32
2022-04,9호선2~3단계,4134,송파나루,"149,710","156,480",2022-05-03 09:52:32
2022-04,9호선2~3단계,4135,한성백제,"72,092","63,193",2022-05-03 09:52:32
2022-04,9호선2~3단계,4136,올림픽공원(한국체대),"187,506","189,713",2022-05-03 09:52:32
2022-04,9호선2~3단계,4137,둔촌오륜,"31,452","28,687",2022-05-03 09:52:32
2022-04,9호선2~3단계,4138,중앙보훈병원,"269,224","239,817",2022-05-03 09:52:32
2022-04,우이신설선,4701,북한산우이,"92,215","89,108",2022-05-03 09:52:32
2022-04,우이신설선,4702,솔밭공원,"68,583","65,105",2022-05-03 09:52:32
2022-04,우이신설선,4703,4.19민주묘지,"99,176","92,976",2022-05-03 09:52:32
2022-04,우이신설선,4704,가오리,"114,493","110,781",2022-05-03 09:52:32
2022-04,우이신설선,4705,화계,"94,010","86,669",2022-05-03 09:52:32
2022-04,우이신설선,4706,삼양,"55,427","57,849",2022-05-03 09:52:32
2022-04,우이신설선,4707,삼양사거리,"67,675","67,630",2022-05-03 09:52:32
2022-04,우이신설선,4708,솔샘,"156,721","144,556",2022-05-03 09:52:32
2022-04,우이신설선,4709,북한산보국문,"170,780","157,583",2022-05-03 09:52:32
2022-04,우이신설선,4710,정릉,"132,847","116,628",2022-05-03 09:52:32
2022-04,우이신설선,4711,성신여대입구(돈암),"91,824","102,318",2022-05-03 09:52:32
2022-04,우이신설선,4712,보문,"42,189","41,993",2022-05-03 09:52:32
2022-04,우이신설선,4713,신설동,"58,620","56,916",2022-05-03 09:52:32